{"2026-06-12": {"LUNA": 0.0517, "IO": 0.1776, "1000XEC": 0.00543, "AIXBT": 0.02221, "ENSO": 0.5988, "SUI": 0.7545, "USD1": 0.99971, "USDS": 1.0006, "XUSD": 1.0006, "RONIN": 0.05955, "RIVN": 15.58, "XVG": 0.002518, "NFP": 0.008052, "SPY": 739.07, "UVXY": 30.54, "1000CHEEMS": 0.0005539, "USUAL": 0.01018, "XPIN": 0.001254, "MYX": 0.2433, "MTL": 0.2522, "BANK": 0.04739, "CLANKER": 14.18, "ADA": 0.1705, "VTHO": 0.0003977, "ALPINE": 0.3454, "TFUEL": 0.00858, "LQTY": 0.2015, "DRIFT": 0.01595, "IP": 0.2909, "COW": 0.1424, "QNT": 68.61, "Q": 0.017558, "EBAY": 109.97, "PIEVERSE": 0.6235, "BFUSD": 0.9995, "HOOD": 93.11, "KGEN": 0.1812, "APE": 0.1313, "BEAMX": 0.001447, "OPN": 0.092, "MSFT": 393.14, "RUNE": 0.4011, "SCR": 0.03345, "GMX": 5.489, "MAVIA": 0.02641, "TRIA": 0.02617, "EGLD": 2.882, "BR": 0.14899, "C": 0.09869, "NAORIS": 0.04068, "TOWNS": 0.00231, "SPCX": 170.81, "BTR": 0.02078, "TSLA": 398.78, "APT": 0.6459, "IOTA": 0.0464, "NIL": 0.03687, "STO": 0.05472, "BICO": 0.01861, "CSCO": 122.25, "SLX": 0.18583, "RENDER": 1.629, "XNY": 0.00736, "JCT": 0.006443, "PEPE": 2.79e-06, "URNM": 54.55, "SIREN": 0.5735, "KAIA": 0.03706, "A": 0.07282, "COPPER": 6.452, "CAKE": 1.3272, "NFLX": 81.57, "CYBER": 0.3497, "F": 0.003948, "PROM": 1.082, "AMD": 491.71, "RIVER": 5.071, "\u6211\u8e0f\u9a6c\u6765\u4e86": 0.008604, "RARE": 0.01278, "AIO": 0.19374, "TRX": 0.31691, "BTCDOM": 5654.2, "UNI": 2.496, "TIA": 0.3228, "SANTOS": 0.6428, "CLO": 0.14114, "REZ": 0.003187, "AERO": 0.3594, "AEUR": 1.1473, "TON": 1.6985, "HYUNDAI": 416.09, "AAVE": 64.3, "ZRX": 0.0888, "JPM": 313.59, "HIVE": 0.05149, "BAND": 0.168, "FIGHT": 0.003905, "CVC": 0.02274, "ACE": 0.0846, "BULLA": 0.005093, "CROSS": 0.08901, "TRUMP": 1.739, "PYR": 0.184, "ASML": 1922.9, "MOODENG": 0.03865, "MORPHO": 1.9573, "CC": 0.16249, "CRCLB": 83.8, "BARD": 0.1543, "AVAAI": 0.005289, "S": 0.03053, "TRUST": 0.04891, "B": 0.2381, "QQQ": 719.55, "JOE": 0.02996, "BMNR": 16.48, "CTSI": 0.02321, "CFX": 0.04518, "IWM": 291.18, "ACM": 0.314, "BANANA": 2.967, "AAOI": 177.36, "RKLB": 121.49, "RSR": 0.001368, "W": 0.00911, "TOSHI": 0.0001244, "CYS": 0.4705, "XAU": 4222.38, "GALA": 0.002714, "VANA": 1.098, "SKYAI": 0.25874, "DIA": 0.1247, "SAND": 0.05169, "MUB": 998.52, "AWE": 0.05429, "BCH": 205.16, "CHZ": 0.02818, "ASTER": 0.631, "GNS": 0.562, "USDE": 1.0001, "STABLE": 0.03358, "ZKP": 0.05652, "NEAR": 2.064, "TSM": 422.8, "PHAROS": 0.5524, "ILV": 3.325, "EWJ": 92.36, "AVA": 0.1939, "GPS": 0.007453, "KAS": 0.03112, "UB": 0.14451, "CRV": 0.2559, "KAVA": 0.0442, "PIPPIN": 0.02128, "LAYER": 0.06628, "GLMR": 0.0092, "LUNC": 7.102e-05, "LLY": 1157.8, "COTI": 0.00987, "UMA": 0.3956, "ALLO": 0.39818, "ALCH": 0.06098, "USDP": 1.0002, "IOTX": 0.003422, "WLD": 0.4962, "BLUAI": 0.013202, "ACX": 0.04232, "AXS": 0.941, "LINK": 7.882, "QI": 0.00138, "HANA": 0.03118, "COIN": 160.93, "POWR": 0.04915, "FORM": 0.2344, "BSV": 11.67, "BAS": 0.033972, "PROVE": 0.1916, "VIC": 0.035, "TAO": 213.69, "SAGA": 0.01308, "AKT": 0.6252, "FLOCK": 0.03919, "GLM": 0.10871, "GTC": 0.07903, "QCOM": 204.04, "ZEN": 4.34, "SOON": 0.1678, "WBTC": 63474.73, "MASK": 0.3584, "ARK": 0.1213, "SAHARA": 0.01674, "PAYP": 14.64, "TLM": 0.001004, "IMX": 0.1437, "BRETT": 0.005605, "EUR": 1.1585, "FLNC": 24.4, "ICP": 2.276, "SIGN": 0.00856, "BBX": 9.43, "MANTA": 0.08411, "CBRS": 229.39, "INIT": 0.05801, "NIGHT": 0.03274, "SKR": 0.00917, "GWEI": 0.16399, "PUNDIX": 0.0969, "LPT": 1.769, "LYN": 0.03738, "XAG": 67.54, "EDU": 0.02869, "OG": 2.777, "EWZ": 34.87, "SEI": 0.04946, "NEXO": 0.808, "COMP": 17.87, "DOGE": 0.08603, "ETHFI": 0.3046, "D": 0.00519, "VIRTUAL": 0.5858, "USDC": 1.000169, "HEMI": 0.006065, "ENS": 4.75, "SENT": 0.01562, "DCR": 12.15, "GNO": 97.0, "SSV": 2.242, "AVNT": 0.1099, "ACU": 0.07807, "BOME": 0.0004351, "USTC": 0.00586, "OP": 0.0955, "CVX": 1.42, "THE": 0.06772, "PSG": 0.56, "SOLV": 0.003358, "ICNT": 0.1929, "OPEN": 0.2204, "XAUT": 4201.8, "EWT": 103.14, "FRAX": 0.2809, "FOLKS": 2.297, "PIVX": 0.0515, "AI": 0.022, "H": 0.21914, "NOM": 0.001701, "GLW": 180.46, "TKO": 0.0505, "CKB": 0.001111, "SOL": 66.87, "SYN": 0.03107, "API3": 0.2542, "WCT": 0.04819, "COOKIE": 0.00931, "TAIKO": 0.0862, "NEIRO": 6.908e-05, "SPACE": 0.008129, "WAXP": 0.004607, "BLUR": 0.01811, "ORDI": 3.245, "RAVE": 0.3372, "SOXL": 228.91, "IBM": 277.43, "AIOT": 0.0637, "VANRY": 0.003472, "TAKE": 0.01873, "2Z": 0.06903, "US": 0.012853, "JUV": 0.353, "TRB": 13.321, "ESP": 0.06651, "ALGO": 0.0888, "TURBO": 0.0008611, "GIGGLE": 28.1, "BLESS": 0.005616, "ARB": 0.08353, "ASR": 1.002, "HUMA": 0.021798, "GRIFFAIN": 0.008201, "AMZN": 242.38, "HFT": 0.0103, "DODOX": 0.01567, "MEME": 0.0005889, "SNX": 0.2454, "GOOGL": 360.33, "BTC": 63598.0, "ETHW": 0.2305, "PEOPLE": 0.00536, "CGPT": 0.02144, "ORDER": 0.03924, "ALCX": 3.48, "MOVE": 0.01257, "CRCL": 83.83, "OGN": 0.01741, "BSB": 0.28352, "SC": 0.000722, "GAS": 1.109, "XMR": 387.95, "EDEN": 0.04259, "DYDX": 0.121, "META": 573.24, "AXL": 0.04315, "YB": 0.0921, "SPORTFUN": 0.04953, "COHR": 374.64, "STX": 0.1835, "ENJ": 0.02911, "PTB": 0.0005724, "SAFE": 0.0932, "IOST": 0.000845, "1000PEPE": 0.0027875, "BMT": 0.01313, "ESPORTS": 0.21744, "ATH": 0.004455, "SUPER": 0.0945, "ANIME": 0.002959, "BROCCOLI714": 0.01334, "AERGO": 0.03978, "XPL": 0.07552, "UAI": 0.3434, "SKY": 0.0569, "CTR": 0.013, "ANKR": 0.003914, "STG": 0.6452, "DEXE": 20.947, "VELODROME": 0.014, "1000RATS": 0.03145, "XTZ": 0.2344, "BZ": 87.72, "FF": 0.07848, "TSLAB": 399.32, "BANANAS31": 0.00891, "STRAX": 0.01072, "U": 1.0006, "RPL": 1.36, "SOPH": 0.005444, "ERA": 0.0989, "FET": 0.1928, "AUDIO": 0.01525, "AUCTION": 3.727, "ZEREBRO": 0.026988, "WIN": 1.766e-05, "XAN": 0.008689, "BEL": 0.08409, "DELL": 394.61, "MBL": 0.000719, "ACH": 0.00545, "POND": 0.00177, "DODO": 0.01566, "ARPA": 0.00833, "GUN": 0.006071, "HBAR": 0.07919, "TAC": 0.016543, "SOMI": 0.1073, "EUL": 0.9089, "YFI": 1881.0, "BROCCOLIF3B": 0.005591, "ADX": 0.0569, "XEC": 5.44e-06, "DASH": 35.66, "PIXEL": 0.005425, "KITE": 0.18811, "CITY": 0.412, "FLOKI": 2.472e-05, "PNUT": 0.042, "MET": 0.1041, "PORTAL": 0.01512, "LUMIA": 0.10804, "MAGIC": 0.04615, "IQ": 0.000788, "DEEP": 0.01656, "BAT": 0.092, "B2": 0.4449, "RLUSD": 1.0009, "LSK": 0.0926, "ME": 0.0597, "CRDO": 269.06, "XAI": 0.00783, "HYPE": 58.958, "DYM": 0.01699, "LIGHT": 0.1109, "VELVET": 1.54474, "BIGTIME": 0.00869, "BAR": 0.298, "AMAT": 558.0, "PRL": 0.1992, "SPX": 0.3334, "EVAA": 0.4001, "FLUX": 0.05214, "1000000BOB": 0.01265, "METIS": 2.544, "ID": 0.03405, "SLP": 0.000507, "BABA": 113.56, "SHIB": 4.82e-06, "BRKB": 485.5, "TRUTH": 0.011931, "MERL": 0.01971, "DRAM": 66.01, "CRWD": 693.49, "AIN": 0.09342, "AGLD": 0.1697, "RECALL": 0.03612, "HAEDAL": 0.01867, "ZEST": 0.27825, "V": 319.76, "BNT": 0.2715, "ROSE": 0.00641, "\u5e01\u5b89\u4eba\u751f": 0.6684, "CHIP": 0.03191, "SKHYNIX": 1519.94, "USAR": 23.18, "TRADOOR": 0.3846, "BTW": 0.08238, "SXT": 0.008556, "MINA": 0.04256, "HYPER": 0.0708, "1000CAT": 0.001527, "WMT": 119.94, "NATGAS": 3.124, "ALT": 0.006328, "SWARMS": 0.007076, "ONE": 0.001488, "M": 2.9108, "SHELL": 0.02578, "THETA": 0.1574, "ZRO": 0.8909, "ZBT": 0.10459, "G": 0.002738, "LAZIO": 0.482, "STXX": 876.14, "JASMY": 0.004815, "JTO": 0.5332, "ORCA": 1.029, "UBER": 69.66, "JELLYJELLY": 0.05826, "BERA": 0.2464, "TUT": 0.01011, "\u9f99\u867e": 0.011405, "TNSR": 0.02919, "ICX": 0.02919, "LA": 0.07383, "NMR": 8.489, "XPT": 1728.89, "ETC": 7.243, "ZAMA": 0.0322, "CETUS": 0.01819, "CRM": 167.18, "VVV": 14.614, "CL": 84.69, "NOK": 14.41, "MEGA": 0.04616, "XVS": 2.498, "CELR": 0.002166, "XLM": 0.19189, "1000BONK": 0.004408, "0G": 0.2925, "1000FLOKI": 0.0247, "PAXG": 4213.44, "SNDKB": 1915.19, "GOAT": 0.01324, "MEW": 0.0003578, "MELANIA": 0.07863, "LIT": 1.5566, "FDUSD": 0.9983, "ONDO": 0.3655, "KMNO": 0.01558, "STAR": 0.14827, "INJ": 5.399, "ARKM": 0.1214, "PLAY": 0.04052, "CHR": 0.01578, "KAITO": 0.4155, "ASTS": 104.46, "FLUID": 1.112, "BB": 0.02154, "MOCA": 0.0096, "SPELL": 0.0001239, "CATI": 0.05772, "PENDLE": 1.2462, "XNO": 0.365, "AIGENSYN": 0.02762, "AEVO": 0.01957,