{"2026-06-24": {"RIVER": 4.427, "LUNA": 0.0495, "AUDIO": 0.01413, "AUCTION": 3.537, "HAEDAL": 0.01675, "COHR": 383.57, "METIS": 3.044, "FARTCOIN": 0.1287, "SPORTFUN": 0.02602, "A": 0.06518, "QCOM": 204.28, "USELESS": 0.06898, "ARC": 0.08301, "NEO": 2.071, "ACH": 0.004824, "LSK": 0.0856, "USAR": 23.14, "M": 2.8382, "DYM": 0.01765, "ZRX": 0.0811, "XEC": 5.2e-06, "1000BONK": 0.004405, "VIC": 0.0399, "VELVET": 0.463, "WOO": 0.012, "CVX": 1.183, "DODO": 0.01596, "NOT": 0.000393, "USUAL": 0.00957, "HIMS": 33.04, "AEVO": 0.01871, "CFX": 0.04621, "DOGS": 4.015e-05, "KAIA": 0.03653, "QQQ": 716.53, "ZM": 86.44, "IMX": 0.1384, "LIGHT": 0.1392, "KAITO": 0.4389, "KAVA": 0.04773, "C": 0.08957, "USTC": 0.00558, "BICO": 0.02611, "DUSK": 0.08072, "AVA": 0.1817, "DEXE": 23.38, "ONDS": 8.57, "CFG": 0.2123, "XRP": 1.1093, "SUN": 0.017253, "4": 0.008834, "EPIC": 0.4561, "COST": 957.54, "TAC": 0.019681, "1000FLOKI": 0.02392, "US": 0.015001, "AAOI": 149.2, "STAR": 0.15515, "KGEN": 0.1746, "IOST": 0.000734, "AIA": 0.05321, "LAB": 14.544, "DIS": 103.71, "BE": 322.05, "AXTI": 78.43, "SAGA": 0.01447, "TRUST": 0.0495, "CRCL": 76.22, "HFT": 0.00954, "ZIL": 0.003037, "F": 0.003544, "LISTA": 0.05027, "XPT": 1654.93, "SOXL": 233.91, "HYPER": 0.0769, "HEI": 0.13179, "BAND": 0.1524, "CATI": 0.06055, "EDEN": 0.04522, "ZEREBRO": 0.038446, "MU": 1065.21, "FLOKI": 2.398e-05, "OP": 0.1012, "ZAMA": 0.03217, "PHA": 0.0373, "SOLV": 0.003048, "BLESS": 0.008356, "SKY": 0.05588, "TAO": 220.47, "CTK": 0.1115, "WIN": 2.034e-05, "B": 0.2239, "TUT": 0.0104, "HD": 324.82, "KORU": 732.48, "ANTHROPIC": 1640.27, "KERNEL": 0.04309, "STO": 0.04808, "PLUME": 0.01038, "DODOX": 0.015947, "SAFE": 0.0816, "MASK": 0.3836, "LTC": 42.14, "RUNE": 0.4188, "1000PEPE": 0.0026928, "XVG": 0.002444, "BTCDOM": 5663.6, "ICP": 2.213, "XNY": 0.005089, "ASTER": 0.6354, "BX": 120.01, "BAR": 0.264, "DRIFT": 0.01781, "PROVE": 0.1936, "SC": 0.000685, "BIGTIME": 0.0079, "RLC": 0.3062, "ONG": 0.04457, "LIT": 1.5042, "TURBO": 0.0008643, "TREE": 0.04308, "ROBO": 0.01986, "POL": 0.07757, "TAKE": 0.01607, "BZ": 76.34, "ADX": 0.055, "UVXY": 27.64, "ORCA": 1.152, "SOON": 0.1606, "FIDA": 0.02291, "SPACE": 0.006843, "SONIC": 0.02504, "NOK": 13.69, "UNI": 2.922, "ICX": 0.02635, "ORDI": 3.19, "SNDK": 1986.3, "HPE": 49.18, "COMP": 16.99, "DASH": 36.24, "DIA": 0.1114, "PYR": 0.177, "ARX": 0.3289, "CBRS": 201.37, "GRT": 0.01899, "BLUAI": 0.014742, "MTL": 0.2331, "PTB": 0.0005201, "TAIKO": 0.0689, "USDP": 1.0007, "LAZIO": 0.41, "BNSOL": 77.8, "BTTC": 2.8e-07, "EVAA": 0.815, "GIGGLE": 27.59, "MET": 0.161, "COOKIE": 0.00849, "TRADOOR": 0.4145, "PENGU": 0.006266, "CHR": 0.01449, "ILV": 3.154, "PENDLE": 1.3095, "BAT": 0.0896, "WLFI": 0.05955, "DKNG": 25.22, "QKC": 0.002003, "AVAX": 6.479, "DOOD": 0.00144, "GLMR": 0.0089, "VANA": 1.081, "NATGAS": 3.191, "EIGEN": 0.2471, "ALPINE": 0.316, "YB": 0.0728, "ARIA": 0.02701, "SEI": 0.05276, "ONT": 0.04382, "OPENAI": 1336.1, "1000CHEEMS": 0.0004946, "QTUM": 0.688, "ARPA": 0.00843, "ESP": 0.05839, "MAGIC": 0.04416, "PROM": 1.052, "IP": 0.3246, "STRK": 0.03203, "GTC": 0.07236, "SOL": 69.66, "GPS": 0.009035, "VET": 0.004701, "SQD": 0.03785, "RSR": 0.001261, "CITY": 0.372, "WET": 0.05688, "XNO": 0.335, "CL": 72.78, "IBM": 264.49, "DOGE": 0.07883, "UB": 0.07725, "MITO": 0.0252, "RPL": 1.29, "AMDB": 521.71, "ZK": 0.01091, "AIN": 0.07046, "IDOL": 0.01893, "ONE": 0.001311, "RVN": 0.003979, "BR": 0.16743, "JCT": 0.005649, "KMNO": 0.01966, "ENA": 0.08627, "TRX": 0.32902, "TLM": 0.000986, "SENT": 0.01406, "MOODENG": 0.03868, "MANTRA": 0.007032, "SXT": 0.007503, "ME": 0.06059, "SUSHI": 0.166, "BTW": 0.09999, "SCR": 0.03022, "GUA": 0.4681, "RESOLV": 0.02423, "BOME": 0.000417, "PNUT": 0.04341, "ARK": 0.1087, "RAD": 0.215, "ALAB": 401.27, "JUV": 0.314, "ATH": 0.004479, "UAI": 0.3097, "ENSO": 0.6513, "ZKP": 0.0539, "GENIUS": 0.3918, "MAGMA": 0.40813, "PUNDIX": 0.0913, "AKT": 0.7047, "NOW": 96.74, "QUICK": 0.00705, "CYBER": 0.3499, "SYRUP": 0.13223, "TSM": 441.1, "CRM": 153.68, "IQ": 0.000798, "MEW": 0.0003502, "COIN": 158.96, "ATM": 1.386, "COLLECT": 0.04591, "RAVE": 0.271, "ZORA": 0.007147, "PAXG": 4094.6, "CRWD": 680.94, "Q": 0.016917, "1000XEC": 0.005185, "WBTC": 62678.88, "XMR": 318.86, "BULLA": 0.005943, "AVAAI": 0.006277, "TAG": 0.000963, "AMAT": 589.03, "BCH": 194.44, "AIO": 0.12758, "BNB": 578.18, "CGPT": 0.01916, "AIOT": 0.06027, "TA": 0.07153, "PAYP": 14.73, "ETHFI": 0.3494, "AGLD": 0.1487, "PRL": 0.1419, "VELODROME": 0.02002, "HEMI": 0.005199, "NFLX": 73.1, "THE": 0.06469, "XAI": 0.007478, "COW": 0.154, "RENDER": 1.582, "XPL": 0.08877, "SFP": 0.2225, "2Z": 0.06822, "XLE": 54.55, "RECALL": 0.03136, "WCT": 0.04583, "GNS": 0.543, "SNX": 0.2291, "ENJ": 0.03107, "BANANA": 2.761, "LYN": 0.03555, "AMZN": 233.8, "USDS": 1.001, "NEXO": 0.78, "AIXBT": 0.02172, "NEAR": 1.981, "BAS": 0.031808, "SLX": 0.22975, "ARDR": 0.02591, "CHIP": 0.0329, "MON": 0.02008, "PROMPT": 0.02324, "CC": 0.1516, "FIL": 0.788, "SMCI": 33.63, "S": 0.02374, "MANA": 0.0713, "RLUSD": 1.0011, "NMR": 9.009, "TRUTH": 0.015303, "ETC": 7.064, "1000SATS": 9.39e-06, "ACM": 0.29, "KSM": 3.378, "MIRA": 0.045, "OG": 2.529, "RE": 0.8045, "EWYB": 198.6, "AI": 0.0197, "EGLD": 2.672, "AGT": 0.021104, "CELR": 0.001926, "BREV": 0.07924, "RKLB": 94.96, "CELO": 0.06116, "ALT": 0.006017, "MMT": 0.1808, "FIGHT": 0.003893, "RIF": 0.08182, "XPD": 1234.98, "COTI": 0.00893, "NEIRO": 6.38e-05, "FORM": 0.2346, "MYX": 0.1015, "ALL": 0.4875, "AVGO": 381.68, "ADBE": 198.2, "REZ": 0.003177, "ASTS": 73.54, "TFUEL": 0.00779, "SPX": 0.3467, "1000000MOG": 0.1073, "MOVE": 0.01127, "STABLE": 0.0341, "AVNT": 0.1026, "DCR": 11.22, "HOT": 0.0002961, "NVDA": 200.98, "BABA": 102.58, "NBIS": 278.08, "SPCXB": 157.05, "STX": 0.1774, "PLAY": 0.03591, "CYS": 0.3673, "VANRY": 0.003192, "ZEC": 415.87, "BROCCOLI714": 0.01223, "POWR": 0.04377, "BROCCOLIF3B": 0.004481, "HOOD": 103.3, "CETUS": 0.01756, "XAUT": 4088.78, "BEAT": 2.359, "ETHW": 0.2262, "EUR": 1.1392, "SONY": 19.71, "GUN": 0.005215, "TOSHI": 0.000113, "SOPH": 0.005262, "ORDER": 0.03605, "CLANKER": 16.88, "SAHARA": 0.01255, "XAU": 4101.64, "XLM": 0.19498, "DOLO": 0.02669, "GRASS": 0.4209, "1000CAT": 0.001347, "ALCH": 0.06678, "AMD": 522.37, "TNSR": 0.03423, "TWT": 0.3635, "GLW": 195.47, "W": 0.01025, "FF": 0.06699, "FRAX": 0.2511, "ONDO": 0.3146, "AZTEC": 0.01447, "GMT": 0.00792, "OSMO": 0.0412, "SHIB": 4.57e-06, "AT": 0.1403, "EUL": 1.0128, "EWJ": 92.96, "MERL": 0.02052, "BAN": 0.0756, "MEGA": 0.05556, "UBER": 69.81, "DYDX": 0.15, "1INCH": 0.0704, "T": 0.003442, "BILL": 0.05084, "HIVE": 0.04821, "MANTA": 0.07891, "AAPL": 294.64, "EURI": 1.1389, "AEUR": 1.1341, "WDC": 680.44, "STG": 0.186, "SPY": 735.41, "ANKR": 0.003556, "MUB": 1066.92, "BTR": 0.01974, "ON": 0.09594, "ALGO": 0.0946, "MINA": 0.0412, "IOTX": 0.002962, "ACX": 0.03981, "ZKC": 0.04692, "API3": 0.2429, "STBL": 0.02414, "BIO": 0.03003, "HANA": 0.03946, "EWZ": 34.19, "CLO": 0.21124, "ESPORTS": 0.03282, "DEEP": 0.01568, "ATOM": 1.716, "WBETH": 1835.49, "LPT": 1.624, "ASR": 0.859, "XAN": 0.011248, "IOTA": 0.04178, "HMSTR": 0.0001636, "BONK": 4.4e-06, "SNDKB": 1987.65, "NIGHT": 0.03178, "JOE": 0.02998, "ZBT": 0.1071, "LUMIA": 0.12841, "YGG": 0.02364, "LINK": 7.63, "PORTAL": 0.0146, "CIEN": 460.38, "TRB": 13.196, "ALCX": 3.43, "ETH": 1666.4, "VTHO": 0.0003754, "BB": 0.02077, "GRIFFAIN": 0.008852, "TST": 0.011339, "PEOPLE": 0.005446, "OPN": 0.07551, "XVS": 2.686, "RED": 0.1003, "AIGENSYN": 0.0241, "HUMA": 0.021907, "NFP": 0.007164, "EDGE": 0.3899, "STEEM": 0.0405, "WMT": 119.42, "AR": 2.006, "GME": 21.19, "USDE": 1.0001, "ENS": 4.442, "NXPC": 0.2961, "GLM": 0.10197, "GALA": 0.002426, "ASTR": 0.005248, "MELANIA": 0.079, "ROSE": 0.006404, "BTC": 62696.7, "JELLYJELLY": 0.05758, "OGN": 0.01613, "CHZ": 0.0195, "SPELL": 0.0001101, "TSLAB": 383.1, "SOMI": 0.1007, "IO": 0.1848, "SLP": 0.0004746, "SKL": 0.003844, "EBAY": 109.5, "POLYX": 0.03597, "ELSA": 0.03968, "ALICE": 0.1222, "ALLO": 0.41521, "FOGO": 0.01197, "SANTOS": 0.5517, "KAS": 0.02884, "POWER": 0.08958, "MSTR": 104.85,