{"2026-06-20": {"BIGTIME": 0.00849, "ARM": 435.87, "QNTX": 71.13, "AVA": 0.19, "ONG": 0.04613, "NOW": 96.26, "FLUID": 1.011, "BTTC": 2.6e-07, "BNT": 0.2662, "MOVE": 0.01205, "ZM": 86.13, "TRADOOR": 0.4314, "ANTHROPIC": 1715.34, "ACM": 0.305, "SOLV": 0.003213, "GMX": 5.905, "TSLAB": 399.84, "ONE": 0.001405, "TAC": 0.021581, "USAR": 24.96, "VELODROME": 0.01846, "SAHARA": 0.01333, "YGG": 0.02582, "1000000BOB": 0.01212, "GLMR": 0.0089, "WIN": 1.915e-05, "STG": 0.2184, "VIC": 0.03805, "DELL": 410.52, "PORTAL": 0.01667, "NATGAS": 3.241, "AMP": 0.000531, "ON": 0.0834, "BTW": 0.09809, "ACH": 0.005058, "APT": 0.6336, "CBRS": 234.46, "SC": 0.000698, "ENJ": 0.03551, "AKE": 0.0003275, "MAGIC": 0.04487, "GNS": 0.569, "FIL": 0.792, "MERL": 0.02021, "EPIC": 0.3987, "SIGN": 0.009321, "PROMPT": 0.02286, "TOSHI": 0.0001227, "RAVE": 0.271, "QTUM": 0.725, "LQTY": 0.198, "BLUR": 0.01589, "1000BONK": 0.004518, "SQD": 0.04584, "0G": 0.2699, "DIA": 0.118, "BAS": 0.030943, "SLX": 0.16804, "ALGO": 0.0955, "LPT": 1.768, "IOTX": 0.003024, "GNO": 106.49, "ORCL": 185.54, "RARE": 0.01248, "ATH": 0.004789, "JPM": 324.96, "CSCO": 119.96, "EDU": 0.02734, "GRASS": 0.4241, "TSLA": 399.74, "USDE": 0.9999, "2Z": 0.07046, "MSTR": 114.44, "AMD": 538.68, "TOWNS": 0.002074, "WOO": 0.0128, "FIDA": 0.02235, "KITE": 0.17815, "POWR": 0.04493, "TA": 0.07455, "IREN": 60.61, "1000PEPE": 0.0028254, "ID": 0.02882, "ARKM": 0.1335, "ARB": 0.08387, "ACX": 0.04078, "ANKR": 0.003721, "USTC": 0.005804, "TUT": 0.01071, "TRUTH": 0.014557, "B2": 0.5228, "LA": 0.0721, "GAS": 1.095, "OPN": 0.0772, "BRKB": 490.59, "ADBE": 196.47, "CFG": 0.237, "SSV": 2.389, "SPORTFUN": 0.03125, "KSM": 3.478, "SPX": 0.3702, "SYN": 0.13668, "ELSA": 0.04449, "IQ": 0.000814, "M": 2.8923, "OG": 2.673, "RONIN": 0.05819, "DKNG": 26.3, "CRWD": 675.94, "WAXP": 0.004204, "FORM": 0.2363, "AAPL": 296.38, "AMAT": 621.03, "AXTI": 86.53, "SIREN": 0.04077, "ACE": 0.07755, "FLOCK": 0.03848, "STEEM": 0.0427, "ALICE": 0.115, "WET": 0.05892, "KGST": 0.01144, "INIT": 0.0578, "HYPE": 70.287, "POND": 0.00163, "DEEP": 0.01672, "BMT": 0.01243, "VANRY": 0.003312, "NOT": 0.0004057, "KAS": 0.02989, "1000CHEEMS": 0.0005249, "CVX": 1.217, "API3": 0.2746, "SPK": 0.01714, "IOTA": 0.04505, "INJ": 5.128, "XPT": 1684.64, "SAND": 0.05096, "MEGA": 0.05704, "DODOX": 0.016233, "WLFI": 0.059, "BBX": 8.34, "RIVN": 16.79, "BLESS": 0.007737, "JUP": 0.1908, "TRX": 0.32378, "SKYAI": 0.35522, "MEME": 0.0005504, "ZAMA": 0.03548, "EWZ": 33.58, "XMR": 315.18, "ARDR": 0.02768, "ZK": 0.01125, "NEAR": 2.184, "KGEN": 0.1765, "IBM": 245.62, "SOMI": 0.1126, "USD1": 1.00111, "HANA": 0.03935, "TIA": 0.3795, "ENS": 5.258, "TLM": 0.00099, "DOGS": 3.938e-05, "AEUR": 1.1331, "XPL": 0.10083, "H": 0.22055, "ARIA": 0.02866, "IMX": 0.1393, "QQQ": 741.21, "FLUX": 0.04971, "EUR": 1.1477, "CROSS": 0.09149, "OP": 0.1038, "EBAY": 107.57, "KMNO": 0.01894, "BEL": 0.11517, "POL": 0.08094, "AVGO": 407.29, "QNT": 71.84, "STRK": 0.03439, "BASED": 0.09796, "MYX": 0.1461, "MAGMA": 0.42494, "RED": 0.1011, "HMSTR": 0.0001542, "BARD": 0.1507, "BAT": 0.088, "WBETH": 1878.03, "AERO": 0.4807, "HUMA": 0.024274, "DRAM": 77.61, "CATI": 0.059, "SLP": 0.0004835, "EGLD": 2.877, "COAI": 0.3487, "GOAT": 0.01315, "IP": 0.3024, "PIPPIN": 0.0155, "AIGENSYN": 0.02532, "REQ": 0.055, "MORPHO": 1.9304, "PROVE": 0.2114, "1000RATS": 0.02834, "ZRO": 0.9794, "MRVL": 312.04, "RSR": 0.001297, "RVN": 0.004198, "LAYER": 0.06524, "XUSD": 1.0005, "BNSOL": 77.8, "BSB": 0.40154, "G": 0.00262, "AIOT": 0.0796, "STABLE": 0.03324, "AXS": 0.95, "PENDLE": 1.3859, "MIRA": 0.04826, "DCR": 11.65, "MASK": 0.3907, "SKL": 0.003957, "GALA": 0.002561, "UMA": 0.413, "LAB": 12.757, "COPPER": 6.435, "RKLB": 105.37, "POPCAT": 0.0427, "AIN": 0.07928, "PUNDIX": 0.096, "CL": 76.93, "CELO": 0.06671, "CITY": 0.397, "SFP": 0.233, "CVC": 0.02144, "ZKC": 0.04782, "SAFE": 0.0847, "BIRB": 0.06917, "SAMSUNG": 235.59, "HPE": 47.19, "BROCCOLIF3B": 0.004654, "AIO": 0.13276, "AGLD": 0.1549, "SAPIEN": 0.08015, "ATOM": 1.808, "NEXO": 0.797, "ANIME": 0.002843, "W": 0.00952, "PSG": 0.547, "ESPORTS": 0.02935, "HIMS": 36.06, "DYDX": 0.1202, "SEI": 0.05408, "HIVE": 0.04832, "SNDKB": 2214.22, "CGPT": 0.01977, "NFP": 0.007547, "SUN": 0.017229, "JTO": 0.7491, "LIGHT": 0.1025, "A": 0.06619, "XPD": 1270.07, "MU": 1133.38, "ICP": 2.265, "CTK": 0.119, "JCT": 0.005386, "ADX": 0.0604, "ENA": 0.0879, "BERA": 0.2257, "STRAX": 0.00957, "ARPA": 0.00833, "BAR": 0.28, "VET": 0.004913, "IWM": 295.59, "EIGEN": 0.2481, "PIXEL": 0.005209, "SPELL": 0.0001219, "MINA": 0.04267, "TRUST": 0.05592, "1000SHIB": 0.00475, "RIF": 0.10104, "BTC": 63512.5, "MSFT": 382.26, "\u5e01\u5b89\u4eba\u751f": 0.7097, "INTC": 134.29, "QCOM": 228.77, "XRP": 1.1352, "ONT": 0.04592, "SOON": 0.1626, "SENT": 0.01598, "TAIKO": 0.0832, "EDGE": 0.3736, "WBTC": 63466.43, "CRWV": 115.48, "MELANIA": 0.07844, "C": 0.09244, "\u6211\u8e0f\u9a6c\u6765\u4e86": 0.008285, "FLOW": 0.02842, "USDC": 1.000195, "BANANAS31": 0.010172, "JOE": 0.02951, "PEOPLE": 0.00559, "WCT": 0.05156, "ALT": 0.006897, "GUA": 0.8953, "DYM": 0.01689, "UNI": 3.081, "CARV": 0.03968, "META": 577.84, "ASTS": 79.61, "SPY": 748.36, "FIGHT": 0.004145, "SUI": 0.7163, "JST": 0.08129, "1000XEC": 0.005361, "NOK": 13.78, "KERNEL": 0.05144, "KAITO": 0.4759, "WMT": 117.14, "Q": 0.0181, "RPL": 1.333, "GWEI": 0.1092, "RLC": 0.3248, "PUMPBTC": 0.00959, "IDOL": 0.02969, "ALCH": 0.0685, "PAYP": 12.57, "JELLYJELLY": 0.05987, "PYR": 0.175, "AVNT": 0.1086, "QKC": 0.002161, "QUICK": 0.0071, "EWT": 109.06, "NFLX": 77.56, "MAV": 0.01041, "LISTA": 0.05442, "BABA": 107.81, "NEIRO": 6.704e-05, "AR": 1.984, "RAY": 0.597, "SKR": 0.008306, "NVDA": 209.29, "TUSD": 0.9989, "AIA": 0.05585, "SOXL": 275.32, "1000CAT": 0.001394, "BROCCOLI714": 0.01193, "PORTO": 0.508, "TKO": 0.0513, "SAGA": 0.01306, "MANA": 0.0667, "USELESS": 0.07656, "NMR": 9.146, "CHIP": 0.03417, "1000000MOG": 0.1142, "SHELL": 0.02418, "BOME": 0.0004383, "PLTR": 129.03, "EVAA": 0.7691, "AZTEC": 0.01498, "V": 324.76, "BANANA": 2.856, "AAOI": 165.29, "YB": 0.0769, "PHA": 0.03796, "NIL": 0.04036, "IOST": 0.000772, "SKY": 0.05815, "QI": 0.00125, "CRCL": 80.4, "XPIN": 0.00132, "ERA": 0.0902, "XNY": 0.005339, "CKB": 0.001049, "LINK": 7.945, "MET": 0.1356, "HEMI": 0.005321, "F": 0.0037, "LTC": 44.02, "ESP": 0.06125, "AIXBT": 0.02263, "TWT": 0.3827, "VANA": 1.16, "NVDAB": 209.66, "SCRT": 0.05647, "PRL": 0.1438, "T": 0.003544, "UAI": 0.275, "ETHFI": 0.3464, "OPENAI": 1394.05, "BAN": 0.06714, "MTL": 0.2458, "JASMY": 0.004738, "PYTH": 0.03595, "ICX": 0.02791, "SCR": 0.03096, "AEVO": 0.01855, "BANK": 0.03964, "BREV": 0.07723, "XEC": 5.37e-06, "SHIB": 4.75e-06, "FDUSD": 0.999, "ETHW": 0.24, "STORJ": 0.0767, "GLW": 199.35, "BNB": 581.59, "BAND": 0.1592, "PEPE": 2.83e-06, "IO": 0.1852, "TST": 0.011254, "BR": 0.14231, "CAKE": 1.3687, "MANTRA": 0.0075, "SWARMS": 0.0087, "ZEREBRO": 0.044784, "BEAMX": 0.00142, "RAYSOL": 0.5956, "DODO": 0.01629, "COOKIE": 0.00842, "1INCH": 0.0729, "NAORIS": 0.03104, "COLLECT": 0.04837, "COIN": 165.99, "HD": 333.79, "ZBT": 0.12128, "PIVX": 0.0434, "XAU": 4161.3, "OPG": 0.1651, "AXL": 0.04525, "STBL": 0.02527, "LINEA": 0.002454, "COTI": 0.00934, "NEWT": 0.05164, "CRV": 0.2149, "RESOLV": 0.01463, "S": 0.03074, "ORCA": 1.21, "LITE": 853.92, "EDEN": 0.05162, "PTB": 0.0005224, "AVAAI": 0.005204, "TURBO": 0.0008891, "USDS": 1.0007, "ME": 0.06188, "EUL": 1.0271, "LYN": 0.03816, "CLANKER": 17.25, "TRIA": 0.02521, "MANTA": 0.0825, "VELVET": 0.4464, "BRETT": 0.00578, "GME": 21.2, "MUB": 1130.49, "ZETA": 0.03655, "GRT": 0.01941, "AGT": 0.028396, "CTSI": 0.0234, "1000FLOKI": 0.02589, "CELR": 0.00209, "FARTCOIN": 0.1222, "MEW": 0.0003655, "PNUT": 0.04432, "AMZN": 243.7, "CFX": 0.04872, "XAG": 64.8, "UVXY": 25.63, "PHAROS": 0.563, "1000LUNC": 0.06788, "GIGGLE": 26.88, "WIF": 0.162, "ZEC": 476.32, "ILV": 3.236, "HYUNDAI": 404.56, "SNX": 0.2418, "ALPINE": 0.3343, "BTCDOM": 5614.5, "PLUME": 0.01099, "FF": 0.06974, "GTC": 0.07623, "FOGO": 0.01244, "STX": 0.1809, "DGB": 0.00264, "IRYS": 0.01704, "XVG": 0.002629, "LUNA": 0.0515,